slug,title,current_creator,connection_types,clicks,impressions,helena_tags,should_be_authored_by_helena,live_url
2019/4/27/6-best-supermarket-wines-created-by-brilliant-women,6 best supermarket wines created by brilliant women,HelenaNicklin,authored_by_her,0,0,,yes,https://www.thethreedrinkers.com/three-drinkers-news/2019/4/27/6-best-supermarket-wines-created-by-brilliant-women
2019/5/14/the-three-drinkers-team-up-with-rabbies-to-offer-whisky-tours-around-scotland,The Three Drinkers team up with Rabbie’s to offer whisky tours around Scotland,HelenaNicklin,authored_by_her|body_mentions,0,0,,yes,https://www.thethreedrinkers.com/magazine-content/2019/5/14/the-three-drinkers-team-up-with-rabbies-to-offer-whisky-tours-around-scotland
2019/5/8/coravin-the-ultimate-wine-preservation-gadget,Coravin: The ultimate wine preservation gadget?,HelenaNicklin,authored_by_her|inline_byline|tagged_helena|body_mentions,0,0,helena nicklin,yes,https://www.thethreedrinkers.com/magazine-content/2019/5/8/coravin-the-ultimate-wine-preservation-gadget
2019/5/8/meet-the-godfathers-of-provenal-ros-domaines-ott,Meet the Godfathers of Provençal rosé: Domaines Ott,HelenaNicklin,authored_by_her|inline_byline|tagged_helena|body_mentions,0,0,helena nicklin,yes,https://www.thethreedrinkers.com/magazine-content/2019/5/8/meet-the-godfathers-of-provenal-ros-domaines-ott
2019/5/8/one-drink-three-ways-the-macallan-12-year-old,"One Drink, Three Ways: The Macallan 12 Year Old Double Cask",HelenaNicklin,authored_by_her,168,25464,,yes,https://www.thethreedrinkers.com/magazine-content/2019/5/8/one-drink-three-ways-the-macallan-12-year-old
2019/5/8/sassicaia-the-first-super-tuscan,Sassicaia: The first Super Tuscan,helena@thethreedrinkers.com,authored_by_her|inline_byline|tagged_helena|body_mentions,0,0,helena nicklin,yes,https://www.thethreedrinkers.com/magazine-content/2019/5/8/sassicaia-the-first-super-tuscan
2019/5/9/once-amp-future-wines-with-joel-peterson,Once &amp; Future Wines with Joel Peterson,HelenaNicklin,authored_by_her|inline_byline|tagged_helena|body_mentions,0,0,helena nicklin,yes,https://www.thethreedrinkers.com/magazine-content/2019/5/9/once-amp-future-wines-with-joel-peterson
3-reasons-to-love-the-small-beer-brew-co,5 Reasons to Love Small Beer,helena@thethreedrinkers.com,authored_by_her|inline_byline|tagged_helena|body_mentions,0,0,helena nicklin,yes,https://www.thethreedrinkers.com/magazine-content/3-reasons-to-love-the-small-beer-brew-co
3-styles-of-french-ros-you-can-rely-on,3 Styles of French Rosé You Can Rely On,HelenaNicklin,authored_by_her|inline_byline|tagged_helena|body_mentions,0,0,helena nicklin,yes,https://www.thethreedrinkers.com/magazine-content/3-styles-of-french-ros-you-can-rely-on
4-things-you-need-to-know-about-cogac,4 Things you need to know about Cognac,HelenaNicklin,authored_by_her|tagged_helena,0,0,helena nickljn,yes,https://www.thethreedrinkers.com/magazine-content/4-things-you-need-to-know-about-cogac
5-reasons-to-love-english-wine,5 Reasons to Love English Wine,HelenaNicklin,authored_by_her,0,0,,yes,https://www.thethreedrinkers.com/magazine-content/5-reasons-to-love-english-wine
6-stunning-rose-wines-for-the-summer,6 Stunning Rose Wines For The Summer,helena@thethreedrinkers.com,authored_by_her,0,0,,yes,https://www.thethreedrinkers.com/magazine-content/6-stunning-rose-wines-for-the-summer
7-wines-for-an-indian-summer,7 Wines for an Indian Summer!,HelenaNicklin,authored_by_her|image_mentions,0,0,,yes,https://www.thethreedrinkers.com/magazine-content/7-wines-for-an-indian-summer
a-new-ultra-rare-champagne-icon-armand-de-brignac-blanc-de-noirs-assemblage-three,"A new, ultra rare Champagne icon: Armand de Brignac, Blanc de Noirs Assemblage Three",HelenaNicklin,authored_by_her|inline_byline|tagged_helena|body_mentions,0,0,helena nicklin,yes,https://www.thethreedrinkers.com/magazine-content/a-new-ultra-rare-champagne-icon-armand-de-brignac-blanc-de-noirs-assemblage-three
a-pride-special-with-aidy-smith,Thursday Club with Talk Radio: A Pride Special... with Aidy!,HelenaNicklin,authored_by_her,0,0,,yes,https://www.thethreedrinkers.com/magazine-content/a-pride-special-with-aidy-smith
a-super-tuscan-rising-star-tenuta-di-biserno,A Super Tuscan Rising Star: Tenuta di Biserno,HelenaNicklin,authored_by_her|inline_byline|tagged_helena|image_mentions|body_mentions,0,0,helena nicklin,yes,https://www.thethreedrinkers.com/magazine-content/a-super-tuscan-rising-star-tenuta-di-biserno
a-wine-travel-guide-to-kent,Your Wine Travel Guide to Kent,HelenaNicklin,authored_by_her,0,0,,yes,https://www.thethreedrinkers.com/magazine-content/a-wine-travel-guide-to-kent
alcohol-canned-drinks-for-summer,5 Cracking Canned Drinks for the Summer,HelenaNicklin,authored_by_her,0,0,,yes,https://www.thethreedrinkers.com/magazine-content/alcohol-canned-drinks-for-summer
ardbeg-whisky-dj-bbq,This Summer: The Smoke Sessions with Ardbeg Whisky and DJ BBQ,HelenaNicklin,authored_by_her|inline_byline|body_mentions,0,0,,yes,https://www.thethreedrinkers.com/magazine-content/ardbeg-whisky-dj-bbq
balance/mind-sense-soul-scent-aroma-benefits-of-aromatherapy-smell-practice,How scent can transform your wellbeing,HelenaNicklin,authored_by_her,0,0,,yes,https://www.thethreedrinkers.com/magazine-content/balance/mind-sense-soul-scent-aroma-benefits-of-aromatherapy-smell-practice
balance/mind-sense-soul-write-journaling-how-creative-writing-journalling-helps-mental-health,"How writing a daily journal helps mental, emotional &amp; physical health",HelenaNicklin,authored_by_her,0,0,,yes,https://www.thethreedrinkers.com/magazine-content/balance/mind-sense-soul-write-journaling-how-creative-writing-journalling-helps-mental-health
beaujolais-wine-guide-gamay-grape-best-beaujolais-nouveau,Your ABC Guide to Beaujolais,HelenaNicklin,authored_by_her|inline_byline|image_mentions|body_mentions,0,0,,yes,https://www.thethreedrinkers.com/magazine-content/beaujolais-wine-guide-gamay-grape-best-beaujolais-nouveau
best-affordable-white-wines-for-christmas,Affordable white wines for Christmas,HelenaNicklin,authored_by_her,0,0,,yes,https://www.thethreedrinkers.com/magazine-content/best-affordable-white-wines-for-christmas
best-beer-lager-new-beers,"6 Marvellously Modern, New Beers",HelenaNicklin,authored_by_her|inline_byline|image_mentions|body_mentions,0,0,,yes,https://www.thethreedrinkers.com/magazine-content/best-beer-lager-new-beers
best-boxed-wine-bag-in-box-wine,8 Reasons to Try Boxed Wine,HelenaNicklin,authored_by_her|inline_byline|tagged_helena|body_mentions,0,0,helena nicklin,yes,https://www.thethreedrinkers.com/magazine-content/best-boxed-wine-bag-in-box-wine
best-budget-champagne-expensive-champagne,From Budget to Blow-out: 7 Outstanding Champagnes,HelenaNicklin,authored_by_her|inline_byline|body_mentions,0,0,,yes,https://www.thethreedrinkers.com/magazine-content/best-budget-champagne-expensive-champagne
best-cbd-beverages-benefits-oto,CBD Beverages with Benefits,HelenaNicklin,authored_by_her,0,0,,yes,https://www.thethreedrinkers.com/magazine-content/best-cbd-beverages-benefits-oto
best-celebrity-wines,Sip Like a Celeb: 13 Celebrity Wines Available Right Now,HelenaNicklin,authored_by_her|inline_byline|body_mentions,0,0,,yes,https://www.thethreedrinkers.com/magazine-content/best-celebrity-wines
best-cheap-bordeaux-wine,Thursday Club with Talk Radio: Accessible Bordeaux,HelenaNicklin,authored_by_her|tagged_helena,0,0,helena nicklin|helena sips|helenasips,yes,https://www.thethreedrinkers.com/magazine-content/best-cheap-bordeaux-wine
best-cheap-champagne-tastes-good,Cheap Champagne that Tastes Great!,HelenaNicklin,authored_by_her|inline_byline|body_mentions,0,0,,yes,https://www.thethreedrinkers.com/magazine-content/best-cheap-champagne-tastes-good
best-chinese-wine-you-need-to-try,8 Fine Wines From China you Need To Try,helena@thethreedrinkers.com,authored_by_her,0,0,,yes,https://www.thethreedrinkers.com/magazine-content/best-chinese-wine-you-need-to-try
best-christmas-cocktails-gift-cocktails-delivery-cocktail,5 Brilliant Bottled Cocktails to Try this Christmas,HelenaNicklin,authored_by_her,0,0,,yes,https://www.thethreedrinkers.com/magazine-content/best-christmas-cocktails-gift-cocktails-delivery-cocktail
best-christmas-gift-cognac-present,Delicious Cognac to Drink and Gift this Christmas,HelenaNicklin,authored_by_her,0,0,,yes,https://www.thethreedrinkers.com/magazine-content/best-christmas-gift-cognac-present
best-christmas-gifts-luxury-gifts,Luxury Epicurean &amp; Sensory Gifts for a Perfect Christmas,HelenaNicklin,authored_by_her,0,0,,yes,https://www.thethreedrinkers.com/magazine-content/best-christmas-gifts-luxury-gifts
best-christmas-red-wine-white-wine-rose-gift-champagne-present,Stunning Wines to Enjoy this Christmas,HelenaNicklin,authored_by_her,0,0,,yes,https://www.thethreedrinkers.com/magazine-content/best-christmas-red-wine-white-wine-rose-gift-champagne-present
best-christmas-whisky-gift-whiskey-christmas-present,The Best Whisk(e)y to Gift for Christmas,HelenaNicklin,authored_by_her,0,0,,yes,https://www.thethreedrinkers.com/magazine-content/best-christmas-whisky-gift-whiskey-christmas-present
best-cotes-du-rhone-wines,Thursday Club with Talk RADIO: Côtes-du-Rhône,helena@thethreedrinkers.com,authored_by_her|tagged_helena|image_mentions,0,0,helena nicklin,yes,https://www.thethreedrinkers.com/magazine-content/best-cotes-du-rhone-wines
best-drinks-discoveries-for-summer-bryan-rodriguez,10 Top Drinks Discoveries for the Summer with Bryan Rodriguez,TheThreeDrinkers,image_mentions,0,0,,no,https://www.thethreedrinkers.com/magazine-content/best-drinks-discoveries-for-summer-bryan-rodriguez
best-drinks-for-romance-date-night-drinks-wine-vodka-gin,Perfect Drinks for Date Night,HelenaNicklin,authored_by_her|tagged_helena|body_mentions,0,0,helena nicklin,yes,https://www.thethreedrinkers.com/magazine-content/best-drinks-for-romance-date-night-drinks-wine-vodka-gin
best-drinks-with-curry,Alternative Drinks To Have With Curry,HelenaNicklin,authored_by_her|tagged_helena,0,0,helena nicklin,yes,https://www.thethreedrinkers.com/magazine-content/best-drinks-with-curry
best-english-sparkling-wines,English Sparkling Wines to Rival Champagne: Names You Need To Know,HelenaNicklin,authored_by_her|inline_byline|body_mentions,0,0,,yes,https://www.thethreedrinkers.com/magazine-content/best-english-sparkling-wines
best-french-rose-wine,7 Great French Rosé Wines for Summer,HelenaNicklin,authored_by_her|tagged_helena,123,55308,helena nicklin,yes,https://www.thethreedrinkers.com/magazine-content/best-french-rose-wine
best-half-red-white-rose-wine-bottles,Mindful Drinking: Fine Wine in Half Bottles,HelenaNicklin,authored_by_her,0,0,,yes,https://www.thethreedrinkers.com/magazine-content/best-half-red-white-rose-wine-bottles
best-irish-spirits-and-best-welsh-wine-and-welsh-cream-liqueur,TalkTV: Ireland vs Wales,HelenaNicklin,authored_by_her,0,0,,yes,https://www.thethreedrinkers.com/magazine-content/best-irish-spirits-and-best-welsh-wine-and-welsh-cream-liqueur
best-mothers-day-presents-mothers-day-gift-guide-wine-cocktails-chocolate,Mother’s Day Gift Guide For Drinks Lovers,HelenaNicklin,authored_by_her|inline_byline|body_mentions,0,0,,yes,https://www.thethreedrinkers.com/magazine-content/best-mothers-day-presents-mothers-day-gift-guide-wine-cocktails-chocolate
best-no-low-drinks-uk-beer-spirits-wine,New No and Low Drinks for November,HelenaNicklin,authored_by_her,0,0,,yes,https://www.thethreedrinkers.com/magazine-content/best-no-low-drinks-uk-beer-spirits-wine
best-places-to-drink-sherry-uk,21 Great Spots to Drink Sherry in the UK,HelenaNicklin,authored_by_her|image_mentions,0,0,,yes,https://www.thethreedrinkers.com/magazine-content/best-places-to-drink-sherry-uk
best-rum-christmas-gift-present,The Best Rums To Gift For Christmas,HelenaNicklin,authored_by_her,0,0,,yes,https://www.thethreedrinkers.com/magazine-content/best-rum-christmas-gift-present
best-scotch-whisky-cocktails-for-burns-night,Three Scotch Whisky Cocktails for Burns Night,HelenaNicklin,authored_by_her,0,0,,yes,https://www.thethreedrinkers.com/magazine-content/best-scotch-whisky-cocktails-for-burns-night
best-spanish-wine-region-carinena,The Best Spanish Wine Region You Never Knew About: Cariñena,HelenaNicklin,authored_by_her|inline_byline|body_mentions,36,10490,,yes,https://www.thethreedrinkers.com/magazine-content/best-spanish-wine-region-carinena
best-whisky-and-chocolate-pairings,5 Epic Whisky and Chocolate Pairings&nbsp;,HelenaNicklin,authored_by_her|inline_byline|body_mentions,193,37013,,yes,https://www.thethreedrinkers.com/magazine-content/best-whisky-and-chocolate-pairings
best-whisky-cocktails-dalmore-mackenzie-highball-cocktail-recipe,The Dalmore Mackenzie Highball,HelenaNicklin,authored_by_her,0,0,,yes,https://www.thethreedrinkers.com/magazine-content/best-whisky-cocktails-dalmore-mackenzie-highball-cocktail-recipe
best-whisky-cocktails-dalmore-old-fashioned-cocktail-recipe,The Dalmore Old Fashioned,HelenaNicklin,authored_by_her,138,3283,,yes,https://www.thethreedrinkers.com/magazine-content/best-whisky-cocktails-dalmore-old-fashioned-cocktail-recipe
best-whisky-cocktails-fettercairn-martini,The Fettercairn 1824 Martini,HelenaNicklin,authored_by_her,0,0,,yes,https://www.thethreedrinkers.com/magazine-content/best-whisky-cocktails-fettercairn-martini
best-whisky-cocktails-fettercairn-tropical-highball,The Fettercairn Tropical Highball,HelenaNicklin,authored_by_her,0,0,,yes,https://www.thethreedrinkers.com/magazine-content/best-whisky-cocktails-fettercairn-tropical-highball
best-whisky-cocktails-jura-sunset,The Jura Sunset,HelenaNicklin,authored_by_her,194,1997,,yes,https://www.thethreedrinkers.com/magazine-content/best-whisky-cocktails-jura-sunset
best-whisky-tasting-glass,Have you tried the world’s favourite whisky glass?,HelenaNicklin,authored_by_her,0,0,,yes,https://www.thethreedrinkers.com/magazine-content/best-whisky-tasting-glass
best-wine-cooler,Is this the best wine cooler ever?,HelenaNicklin,authored_by_her,0,0,,yes,https://www.thethreedrinkers.com/magazine-content/best-wine-cooler
best-wine-gadget-coravin-model-six,Wine Gadget: Coravin Model Six,HelenaNicklin,authored_by_her,0,0,,yes,https://www.thethreedrinkers.com/magazine-content/best-wine-gadget-coravin-model-six
best-wine-gift-hamper-best-wine-tastings-best-sherry-present-christmas,"Fantastic Wine Gifts, Subscriptions &amp; Experiences",HelenaNicklin,authored_by_her,0,0,,yes,https://www.thethreedrinkers.com/magazine-content/best-wine-gift-hamper-best-wine-tastings-best-sherry-present-christmas
best-wine-spirits-for-valentines-day,Fun Drinks Choices for Valentine’s Day,HelenaNicklin,authored_by_her,0,0,,yes,https://www.thethreedrinkers.com/magazine-content/best-wine-spirits-for-valentines-day
best-wines-for-romance-most-romantic-wines,3 Wines for Romantic Moments,HelenaNicklin,authored_by_her|inline_byline|body_mentions,0,0,,yes,https://www.thethreedrinkers.com/magazine-content/best-wines-for-romance-most-romantic-wines
best-world-whiskies-nikka-kavalan-mackmyra-pauljohn-starward,Around the World in 6 Whiskies,HelenaNicklin,authored_by_her,0,0,,yes,https://www.thethreedrinkers.com/magazine-content/best-world-whiskies-nikka-kavalan-mackmyra-pauljohn-starward
bring-a-bottle-podcast-episode-100,Bring a Bottle Podcast: Episode 100,CalumEcroyd,tagged_helena,0,0,Helena Nicklin,no,https://www.thethreedrinkers.com/magazine-content/bring-a-bottle-podcast-episode-100
bring-a-bottle-podcast-episode-102,Bring a Bottle Podcast: Episode 102,CalumEcroyd,tagged_helena,0,0,Helena Nicklin,no,https://www.thethreedrinkers.com/magazine-content/bring-a-bottle-podcast-episode-102
bring-a-bottle-podcast-episode-82,The Bring a Bottle Podcast: Episode 82,TheThreeDrinkers,tagged_helena,0,0,Helena Nicklin,no,https://www.thethreedrinkers.com/magazine-content/bring-a-bottle-podcast-episode-82
bring-a-bottle-podcast-episode-85,The Bring a Bottle Podcast: Episode 85,TheThreeDrinkers,tagged_helena,0,0,Helena Nicklin,no,https://www.thethreedrinkers.com/magazine-content/bring-a-bottle-podcast-episode-85
bring-a-bottle-podcast-episode-89,Bring a Bottle Podcast: Episode 89,SophieFurukawa,tagged_helena,0,0,Helena Nicklin,no,https://www.thethreedrinkers.com/magazine-content/bring-a-bottle-podcast-episode-89
bring-a-bottle-podcast-episode-93,Bring a Bottle Podcast: Episode 93,TheThreeDrinkers,tagged_helena,0,0,Helena Nicklin,no,https://www.thethreedrinkers.com/magazine-content/bring-a-bottle-podcast-episode-93
bring-a-bottle-podcast-episode-95,Bring A Bottle Podcast: Episode 95,CalumEcroyd,tagged_helena,0,0,Helena Nicklin,no,https://www.thethreedrinkers.com/magazine-content/bring-a-bottle-podcast-episode-95
bring-a-bottle-podcast-episode-97,Bring a Bottle Podcast: Episode 97,CalumEcroyd,tagged_helena,0,0,Helena Nicklin,no,https://www.thethreedrinkers.com/magazine-content/bring-a-bottle-podcast-episode-97
bushmills-the-causeway-collection-1991-madeira-cask-irish-whiske,Spotlight on Bushmills: The Causeway Collection 1991 Madeira Cask&nbsp;Whiskey,HelenaNicklin,authored_by_her|tagged_helena,0,0,helena nicklin|helenasips,yes,https://www.thethreedrinkers.com/magazine-content/bushmills-the-causeway-collection-1991-madeira-cask-irish-whiske
cafe-1001-brick-lane-london-outdoor-venue,"3D Recommends: Café 1001, London",HelenaNicklin,authored_by_her,59,38809,,yes,https://www.thethreedrinkers.com/magazine-content/cafe-1001-brick-lane-london-outdoor-venue
carmenere-best-wines-food-pairing-tasting,Carmenère: Smoky Sorceress of Wine Grapes,HelenaNicklin,authored_by_her|inline_byline|tagged_helena|body_mentions,0,0,helena nicklin,yes,https://www.thethreedrinkers.com/magazine-content/carmenere-best-wines-food-pairing-tasting
celebrating-aidy-as-the-top-100-most-influential-people-in-drinks-are-revealed,Celebrating Aidy as the Top 100 Most Influential People in Drinks Are Revealed!,CalumEcroyd,tagged_helena,0,0,helena nicklin,no,https://www.thethreedrinkers.com/magazine-content/celebrating-aidy-as-the-top-100-most-influential-people-in-drinks-are-revealed
chardonnay-styles,One Minute Wine Ace: Chardonnay,HelenaNicklin,authored_by_her|inline_byline|tagged_helena|body_mentions,0,0,helena nicklin,yes,https://www.thethreedrinkers.com/magazine-content/chardonnay-styles
classic-champagne-styles-for-spring,Classic Champagne styles for Spring,HelenaNicklin,authored_by_her|tagged_helena,0,0,helena nicklin|helenasips,yes,https://www.thethreedrinkers.com/magazine-content/classic-champagne-styles-for-spring
classic-cheese-and-wine-matches,Classic Cheese and Wine Matches,HelenaNicklin,authored_by_her|tagged_helena,0,0,helena nicklin|helena sips,yes,https://www.thethreedrinkers.com/magazine-content/classic-cheese-and-wine-matches
coravin-model-eleven-wine-gadget,Turn your wine gadget game up to eleven! Introducing Coravin Model Eleven,HelenaNicklin,authored_by_her,0,0,,yes,https://www.thethreedrinkers.com/magazine-content/coravin-model-eleven-wine-gadget
coravin-moment-app-wine-gadget,Savour your wine moments for longer: A look at the Coravin Moments APP,HelenaNicklin,authored_by_her,0,0,,yes,https://www.thethreedrinkers.com/magazine-content/coravin-moment-app-wine-gadget
crabbies-colada-whisky-cocktail-recipe,Crabbie's Colada,TheThreeDrinkers,tagged_helena,0,0,helena nicklin,no,https://www.thethreedrinkers.com/magazine-content/crabbies-colada-whisky-cocktail-recipe
do-rueda-wine-region-spain-best-wines,DO Rueda: Spiritual home of the Verdejo Grape,HelenaNicklin,authored_by_her,0,0,,yes,https://www.thethreedrinkers.com/magazine-content/do-rueda-wine-region-spain-best-wines
drinker-discoveries-helena-gift-guide-best-wine-spirits-gadgets,"Drinker Discoveries: CBD Bitters, New Spirits, Great Wine and Gadgets",HelenaNicklin,authored_by_her|slug_mentions,0,0,,yes,https://www.thethreedrinkers.com/magazine-content/drinker-discoveries-helena-gift-guide-best-wine-spirits-gadgets
drinker-discoveries-mead-bitters-handsanitiser-best-drinks-products-gift-guide,Drinker Discoveries: 5 New Products For Your Next Socially Distanced Gathering,HelenaNicklin,authored_by_her|inline_byline|body_mentions,0,0,,yes,https://www.thethreedrinkers.com/magazine-content/drinker-discoveries-mead-bitters-handsanitiser-best-drinks-products-gift-guide
drinker-discoveries-six-sips-for-a-sizzling-summer,Drinker Discoveries: Six Refreshing Sips for a Sizzling Summer,HelenaNicklin,authored_by_her|tagged_helena,0,0,helena nicklin,yes,https://www.thethreedrinkers.com/magazine-content/drinker-discoveries-six-sips-for-a-sizzling-summer
drinks-retailers-delivering-during-lockdown,Wine &amp; Spirits Delivery: Lockdown 3 Guide,HelenaNicklin,authored_by_her|tagged_helena,0,0,helena nicklin,yes,https://www.thethreedrinkers.com/magazine-content/drinks-retailers-delivering-during-lockdown
drinky-desserts-sweet-wine-styles-cocktails-sweet-wines-for-cocktails,Drinky Desserts: Your Guide to Sweet Wine Styles,HelenaNicklin,authored_by_her|image_mentions,0,0,,yes,https://www.thethreedrinkers.com/magazine-content/drinky-desserts-sweet-wine-styles-cocktails-sweet-wines-for-cocktails
easy-whisky-cocktails-scotch-whisky-whiskey-cocktails,5 of The Best Scotch Whisky Cocktails to drink right now,HelenaNicklin,authored_by_her,0,0,,yes,https://www.thethreedrinkers.com/magazine-content/easy-whisky-cocktails-scotch-whisky-whiskey-cocktails
english-sparkling-wine-to-celebrate-the-jubilee,English sparkling wine to celebrate the Jubilee,HelenaNicklin,authored_by_her|tagged_helena,0,0,helena nicklin|helenasips,yes,https://www.thethreedrinkers.com/magazine-content/english-sparkling-wine-to-celebrate-the-jubilee
english-wine-in-focus-charles-palmer-pinot-noir-2018,"English Wine in Focus: Charles Palmer, Pinot Noir 2018",adrian@thethreedrinkers.com,tagged_helena,0,0,helena nicklin,no,https://www.thethreedrinkers.com/magazine-content/english-wine-in-focus-charles-palmer-pinot-noir-2018
english-wines-to-rival-champagne,English Wines to Rival Champagne,HelenaNicklin,authored_by_her|tagged_helena|image_mentions,0,0,helena NIckin,yes,https://www.thethreedrinkers.com/magazine-content/english-wines-to-rival-champagne
famous-japanese-drinks-sake-umeshu,Thursday Club with talk RADIO: Japanese Sake and Umeshu,HelenaNicklin,authored_by_her|tagged_helena|image_mentions,0,0,helenasips|helena nicklin,yes,https://www.thethreedrinkers.com/magazine-content/famous-japanese-drinks-sake-umeshu
father-day-gift-ideas-drinks-whisky-wine-beer-rum-gin,Father's Day Gift Ideas For Drinks Lovers,HelenaNicklin,authored_by_her|inline_byline|body_mentions,0,0,,yes,https://www.thethreedrinkers.com/magazine-content/father-day-gift-ideas-drinks-whisky-wine-beer-rum-gin
festive-pudding-and-cheese-pairings-vanessa-feltz-talktv,TalkTV: Festive pudding &amp; cheese pairings,HelenaNicklin,authored_by_her|tagged_helena,0,0,helena nicklin talktv vanessa feltz,yes,https://www.thethreedrinkers.com/magazine-content/festive-pudding-and-cheese-pairings-vanessa-feltz-talktv
festive-recipe-persian-salmon-provencal-rose,Festive Recipe: Persian Salmon with Provencal Rosé,HelenaNicklin,authored_by_her,0,0,,yes,https://www.thethreedrinkers.com/magazine-content/festive-recipe-persian-salmon-provencal-rose
gin-cheesecake-recipe-gin-day,The Ultimate Gin Cheesecake Recipe,HelenaNicklin,authored_by_her|tagged_helena,0,0,helena nicklin,yes,https://www.thethreedrinkers.com/magazine-content/gin-cheesecake-recipe-gin-day
glenmorangie-sonoma-cutrer-25-year-old-whisky-rare-limited-edition,"Meet Glenmorangie’s New, Super Rare Expression",HelenaNicklin,authored_by_her,0,0,,yes,https://www.thethreedrinkers.com/magazine-content/glenmorangie-sonoma-cutrer-25-year-old-whisky-rare-limited-edition
great-drinks-gifts-fathers-day,Great Gifts for Father's Day,helena@thethreedrinkers.com,authored_by_her,0,0,,yes,https://www.thethreedrinkers.com/magazine-content/great-drinks-gifts-fathers-day
great-gin-for-the-jubilee,Great Gins for the Jubilee,HelenaNicklin,authored_by_her,0,0,,yes,https://www.thethreedrinkers.com/magazine-content/great-gin-for-the-jubilee
great-scotch-whisky-alternatives-burns-night,4 Great Scotch Whisky Alternatives,HelenaNicklin,authored_by_her|inline_byline|tagged_helena|body_mentions,0,0,helena nicklin,yes,https://www.thethreedrinkers.com/magazine-content/great-scotch-whisky-alternatives-burns-night
great-value-red-wines-for-christmas,Great Value Red Wines for Christmas,HelenaNicklin,authored_by_her,0,0,,yes,https://www.thethreedrinkers.com/magazine-content/great-value-red-wines-for-christmas
great-winter-rose-wines-best-pink-wine,4 Great Rosé Wines for Winter,HelenaNicklin,authored_by_her|inline_byline|tagged_helena|body_mentions,0,0,helena nicklin,yes,https://www.thethreedrinkers.com/magazine-content/great-winter-rose-wines-best-pink-wine
guide-to-albarino-wine-from-rias-baixas-best-wines,One Minute Wine Ace: Albariño,HelenaNicklin,authored_by_her|tagged_helena,0,0,helena nicklin,yes,https://www.thethreedrinkers.com/magazine-content/guide-to-albarino-wine-from-rias-baixas-best-wines
hamishs-famous-amaretto-crumble,Hamish’s ‘famous’ Amaretto Crumble,HelenaNicklin,authored_by_her|tagged_helena|image_mentions,0,0,hamish nicklin|helena nickin,yes,https://www.thethreedrinkers.com/magazine-content/hamishs-famous-amaretto-crumble
havana-club-bar-entrepreneur-awards-ceremony,Havana Club 2020 Bar Entrepreneur Awards Ceremony,HelenaNicklin,authored_by_her,0,0,,yes,https://www.thethreedrinkers.com/magazine-content/havana-club-bar-entrepreneur-awards-ceremony
havana-club-bar-entrepreneur-awards-winners,HAVANA CLUB BAR ENTREPRENEUR OF THE YEAR: The Winners,HelenaNicklin,authored_by_her,0,0,,yes,https://www.thethreedrinkers.com/magazine-content/havana-club-bar-entrepreneur-awards-winners
helenas-choice-fine-wine-for-your-festive-meal-or-gifting,Helena's Choice: fine wines for your festive meal or gifting,HelenaNicklin,authored_by_her|slug_mentions|tagged_helena,0,0,helena nicklin,yes,https://www.thethreedrinkers.com/magazine-content/helenas-choice-fine-wine-for-your-festive-meal-or-gifting
how-do-you-like-your-eggs-the-effect-of-vessels-on-wine-flavour-and-texture,How do you like your eggs? The effect of vessels on wine flavour and texture,helena@thethreedrinkers.com,authored_by_her|inline_byline|tagged_helena|body_mentions,0,0,helena nicklin,yes,https://www.thethreedrinkers.com/magazine-content/how-do-you-like-your-eggs-the-effect-of-vessels-on-wine-flavour-and-texture
how-human-connection-amp-compassion-helps-us-thrive,How Human Connection &amp; Compassion Helps Us Thrive,HelenaNicklin,authored_by_her,63,9804,,yes,https://www.thethreedrinkers.com/magazine-content/how-human-connection-amp-compassion-helps-us-thrive
how-intentional-breathing-nose-breathing-can-boost-your-health-and-happiness,How 2 minutes of intentional breathing can boost your health and happiness,HelenaNicklin,authored_by_her|tagged_helena,0,0,helena nicklin,yes,https://www.thethreedrinkers.com/magazine-content/how-intentional-breathing-nose-breathing-can-boost-your-health-and-happiness
how-long-does-alcohol-keep,How Long Does Alcohol Keep?,HelenaNicklin,authored_by_her,220,177725,,yes,https://www.thethreedrinkers.com/magazine-content/how-long-does-alcohol-keep
how-to-get-better-at-smelling-wine,3 Ways to Get Better at Smelling Wine,HelenaNicklin,authored_by_her,0,0,,yes,https://www.thethreedrinkers.com/magazine-content/how-to-get-better-at-smelling-wine
how-to-motivate-yourself-to-move-and-get-more-exercise,How to motivate yourself to move more!,HelenaNicklin,authored_by_her,0,0,,yes,https://www.thethreedrinkers.com/magazine-content/how-to-motivate-yourself-to-move-and-get-more-exercise
how-to-put-together-the-perfect-cheeseboard,How to Put Together the Perfect Cheeseboard,HelenaNicklin,authored_by_her|tagged_helena,0,0,helena nicklin|helena sips,yes,https://www.thethreedrinkers.com/magazine-content/how-to-put-together-the-perfect-cheeseboard
it-london-review-best-london-bars,IT London,HelenaNicklin,authored_by_her,0,0,,yes,https://www.thethreedrinkers.com/magazine-content/it-london-review-best-london-bars
its-wine-tax-freedom-day-join-the-movement,It’s Wine Tax Freedom Day! Join the movement,helena@thethreedrinkers.com,authored_by_her|inline_byline|tagged_helena|body_mentions,0,0,helena nicklin,yes,https://www.thethreedrinkers.com/magazine-content/its-wine-tax-freedom-day-join-the-movement
jubel-best-gluten-free-fruit-beer,"Have you tried Jubel: the exciting, new style of beer?",HelenaNicklin,authored_by_her,122,147197,,yes,https://www.thethreedrinkers.com/magazine-content/jubel-best-gluten-free-fruit-beer
key-styles-of-malbec-argentina-cahors,What are the key styles of Malbec?,helena@thethreedrinkers.com,authored_by_her|tagged_helena,36,9297,helena nicklin|helenasips,yes,https://www.thethreedrinkers.com/magazine-content/key-styles-of-malbec-argentina-cahors
krug-vs-dom-perignon-champagne,Krug Vs Dom Pérignon: The Prince &amp; The Pauper,HelenaNicklin,authored_by_her|inline_byline|tagged_helena|body_mentions,2101,58288,helena nicklin,yes,https://www.thethreedrinkers.com/magazine-content/krug-vs-dom-perignon-champagne
light-importance-everyday-mental-health-sad-syndrome,How Important is Light in our Everyday Life?,HelenaNicklin,authored_by_her|tagged_helena,0,0,helena nicklin,yes,https://www.thethreedrinkers.com/magazine-content/light-importance-everyday-mental-health-sad-syndrome
light-red-wine-styles,Lighter-bodied red wines styles to try,HelenaNicklin,authored_by_her|tagged_helena|image_mentions,0,0,helena nicklin|helena sips,yes,https://www.thethreedrinkers.com/magazine-content/light-red-wine-styles
love-whisky-buyer-collector-or-investor-you-need-to-know-about-cask-trade,"Whisky buyer, collector or investor? You need to know about Cask Trade.",HelenaNicklin,authored_by_her,0,0,,yes,https://www.thethreedrinkers.com/magazine-content/love-whisky-buyer-collector-or-investor-you-need-to-know-about-cask-trade
malbec-and-uco-valley-graffigna-malbec,The Story of Malbec and the Uco Valley,HelenaNicklin,authored_by_her,0,0,,yes,https://www.thethreedrinkers.com/magazine-content/malbec-and-uco-valley-graffigna-malbec
marvellous-malbecs-under-15-for-malbec-day,Marvellous Malbecs under £15 for Malbec Day,HelenaNicklin,authored_by_her|inline_byline|body_mentions,0,0,,yes,https://www.thethreedrinkers.com/magazine-content/marvellous-malbecs-under-15-for-malbec-day
meet-the-french-wine-region-the-experts-have-their-eyes-on-ventoux,Meet the French wine region the experts have their eyes on: Ventoux AOC,helena@thethreedrinkers.com,authored_by_her|image_mentions,0,0,,yes,https://www.thethreedrinkers.com/magazine-content/meet-the-french-wine-region-the-experts-have-their-eyes-on-ventoux
miov0x17uxflosbclnhgylvwbrc4qi,TalkTV: Autumnal Wines for Organic September,adrian@thethreedrinkers.com,tagged_helena,0,0,helena nicklin,no,https://www.thethreedrinkers.com/magazine-content/miov0x17uxflosbclnhgylvwbrc4qi
most-influential-women-in-drinks,5 Women in Drinks to Toast!,HelenaNicklin,authored_by_her|inline_byline|body_mentions,0,0,,yes,https://www.thethreedrinkers.com/magazine-content/most-influential-women-in-drinks
must-try-english-sparkling-wine,10 English Wines You Need To Try,HelenaNicklin,authored_by_her|tagged_helena,0,0,Helena Nicklin,yes,https://www.thethreedrinkers.com/magazine-content/must-try-english-sparkling-wine
must-try-luxury-cognac,Luxury Cognacs You Need to Try,HelenaNicklin,authored_by_her,0,0,,yes,https://www.thethreedrinkers.com/magazine-content/must-try-luxury-cognac
must-try-no-low-drinks,6 Must-Try No and Low Drinks,HelenaNicklin,authored_by_her|image_mentions,0,0,,yes,https://www.thethreedrinkers.com/magazine-content/must-try-no-low-drinks
nj1cy22bh8sm8zrdyaxelb734g7pg3,talkRADIO: Hot Cross Bun flavoured booze for Easter,HelenaNicklin,authored_by_her|tagged_helena,0,0,helena nicklin|helenasips,yes,https://www.thethreedrinkers.com/magazine-content/nj1cy22bh8sm8zrdyaxelb734g7pg3
no-low-alcohol-best-drinks,Mindful Drinking: Premium no and low alcohol drinks you'll want to sip all evening,HelenaNicklin,authored_by_her|inline_byline|body_mentions,0,0,,yes,https://www.thethreedrinkers.com/magazine-content/no-low-alcohol-best-drinks
no-low-alcohol-best-drinks-christmas-present,The Best No-Low Alcohol To Drink and Gift for Christmas,HelenaNicklin,authored_by_her,0,0,,yes,https://www.thethreedrinkers.com/magazine-content/no-low-alcohol-best-drinks-christmas-present
one-drink-three-ways-albarino-mar-de-frades-rias-baixas-spain,"One Drink, Three Ways: Albariño Mar de Frades",HelenaNicklin,authored_by_her,0,0,,yes,https://www.thethreedrinkers.com/magazine-content/one-drink-three-ways-albarino-mar-de-frades-rias-baixas-spain
one-drink-three-ways-aloha-65-spirit-cocktails,"One Drink, Three Ways: Aloha 65",HelenaNicklin,authored_by_her|image_mentions,0,0,,yes,https://www.thethreedrinkers.com/magazine-content/one-drink-three-ways-aloha-65-spirit-cocktails
one-drink-three-ways-barefoot-wine-cocktails,"One Drink, Three Ways: Wine Cocktails with Barefoot Wine",HelenaNicklin,authored_by_her|tagged_helena|image_mentions,66,12703,helena nicklin,yes,https://www.thethreedrinkers.com/magazine-content/one-drink-three-ways-barefoot-wine-cocktails
one-drink-three-ways-belvedere-organic-infusions,"One Drink, Three Ways: Belvedere Organic Infusions",HelenaNicklin,authored_by_her,83,7391,,yes,https://www.thethreedrinkers.com/magazine-content/one-drink-three-ways-belvedere-organic-infusions
one-drink-three-ways-brown-brothers-orange-muscat-and-flora-sweet-wine-cocktails,"One Drink, Three Ways: Brown Brothers Orange Muscat &amp; Flora",HelenaNicklin,authored_by_her,60,8524,,yes,https://www.thethreedrinkers.com/magazine-content/one-drink-three-ways-brown-brothers-orange-muscat-and-flora-sweet-wine-cocktails
one-drink-three-ways-coole-swan-irish-cream-white-chocolate-cocktails,"One Drink, Three Ways: Coole Swan Irish Cream",HelenaNicklin,authored_by_her,464,150591,,yes,https://www.thethreedrinkers.com/magazine-content/one-drink-three-ways-coole-swan-irish-cream-white-chocolate-cocktails
one-drink-three-ways-don-papa-rum-cocktails-the-three-drinkers,"One Drink, Three Ways: Don Papa Rum",HelenaNicklin,authored_by_her,210,19749,,yes,https://www.thethreedrinkers.com/magazine-content/one-drink-three-ways-don-papa-rum-cocktails-the-three-drinkers
one-drink-three-ways-franklin-and-sons-mandarin-and-ginger-soda-cocktails,"One Drink, Three Ways: Franklin and sons Mandarin and Ginger Soda",SophieFurukawa,tagged_helena|image_mentions,0,0,helena nicklin,no,https://www.thethreedrinkers.com/magazine-content/one-drink-three-ways-franklin-and-sons-mandarin-and-ginger-soda-cocktails
one-drink-three-ways-glenmorangie-x,"One Drink, Three Ways: X by Glenmorangie",HelenaNicklin,authored_by_her,142,8194,,yes,https://www.thethreedrinkers.com/magazine-content/one-drink-three-ways-glenmorangie-x
one-drink-three-ways-london-dry-gin-tanqueray,"One Drink, Three Ways: London Dry Gin (Tanqueray)",HelenaNicklin,authored_by_her|tagged_helena|image_mentions,0,0,helena nicklin,yes,https://www.thethreedrinkers.com/magazine-content/one-drink-three-ways-london-dry-gin-tanqueray
one-drink-three-ways-noilly-prat-original-dry-vermouth-cocktail,"One Drink, Three Ways: Noilly Prat Original Dry Vermouth",HelenaNicklin,authored_by_her|tagged_helena|image_mentions,884,35288,helena nicklin,yes,https://www.thethreedrinkers.com/magazine-content/one-drink-three-ways-noilly-prat-original-dry-vermouth-cocktail
one-drink-three-ways-remy-martin-vsop-cognac,"One Drink, Three Ways: Remy Martin VSOP Cognac",HelenaNicklin,authored_by_her|tagged_helena|image_mentions,259,131957,helena nicklin,yes,https://www.thethreedrinkers.com/magazine-content/one-drink-three-ways-remy-martin-vsop-cognac
one-drink-three-ways-the-glenturret-peat-smoked,"One Drink, Three Ways: The Glenturret 10 Year Old Peat Smoked",HelenaNicklin,authored_by_her,0,0,,yes,https://www.thethreedrinkers.com/magazine-content/one-drink-three-ways-the-glenturret-peat-smoked
one-drink-three-ways-the-glenturret-triple-wood,"One Drink, Three Ways: The Glenturret Triple Wood",HelenaNicklin,authored_by_her,0,0,,yes,https://www.thethreedrinkers.com/magazine-content/one-drink-three-ways-the-glenturret-triple-wood
one-minute-wine-ace-pinot-noir,One Minute Wine Ace: Pinot Noir,HelenaNicklin,authored_by_her|inline_byline|tagged_helena|body_mentions,0,0,helena nicklin,yes,https://www.thethreedrinkers.com/magazine-content/one-minute-wine-ace-pinot-noir
one-minute-wine-ace-sauvignon-blanc,One Minute Wine Ace: Sauvignon Blanc,HelenaNicklin,authored_by_her|inline_byline|image_mentions|body_mentions,0,0,,yes,https://www.thethreedrinkers.com/magazine-content/one-minute-wine-ace-sauvignon-blanc
one-minute-wine-ace-tempranillo-grape-guide-tempranillo-day,One Minute Wine Ace: Tempranillo,HelenaNicklin,authored_by_her|tagged_helena,0,0,helena nicklin,yes,https://www.thethreedrinkers.com/magazine-content/one-minute-wine-ace-tempranillo-grape-guide-tempranillo-day
one-minute-wine-ace-wine-style-guide-cabernet-sauvignon,One Minute Wine Ace: Cabernet Sauvignon,HelenaNicklin,authored_by_her|tagged_helena|image_mentions,0,0,helena nicklin,yes,https://www.thethreedrinkers.com/magazine-content/one-minute-wine-ace-wine-style-guide-cabernet-sauvignon
online-home-wine-tasting-tips,Tips for Online and Home Wine Tastings,HelenaNicklin,authored_by_her|inline_byline|body_mentions,0,0,,yes,https://www.thethreedrinkers.com/magazine-content/online-home-wine-tasting-tips
perfect-food-pairings-for-argentinian-malbec,Five Perfect Food Pairings for Argentinian Malbec,HelenaNicklin,authored_by_her,441,52969,,yes,https://www.thethreedrinkers.com/magazine-content/perfect-food-pairings-for-argentinian-malbec
popular-scotch-whisky-distilleries-jura-fettercairn-dalmore,"A Trilogy of Fine, Scotch Whisky Distilleries to Discover",HelenaNicklin,authored_by_her,0,0,,yes,https://www.thethreedrinkers.com/magazine-content/popular-scotch-whisky-distilleries-jura-fettercairn-dalmore
premium-californian-wine-producers,Premium Californian Wine: 3 Must-Know Producers,HelenaNicklin,authored_by_her|tagged_helena,0,0,helena nicklin,yes,https://www.thethreedrinkers.com/magazine-content/premium-californian-wine-producers
premixed-negroni-summer-cocktails,6 Perfectly Premixed Negronis for the Summer,HelenaNicklin,authored_by_her|inline_byline|image_mentions|body_mentions,0,0,,yes,https://www.thethreedrinkers.com/magazine-content/premixed-negroni-summer-cocktails
rasteau-aoc-wine-guide-rhone-french-wine,Rasteau: Your New Go-To Winter Red!,HelenaNicklin,authored_by_her|inline_byline|tagged_helena|image_mentions|body_mentions,0,0,helena nicklin,yes,https://www.thethreedrinkers.com/magazine-content/rasteau-aoc-wine-guide-rhone-french-wine
red-wines-for-halloween-2022,Red Wines for Halloween 2022,HelenaNicklin,authored_by_her|inline_byline|tagged_helena|body_mentions,0,0,helena nicklin,yes,https://www.thethreedrinkers.com/magazine-content/red-wines-for-halloween-2022
redbreast,Enter The Redbreast Whiskey Ballot,HelenaNicklin,authored_by_her,0,0,,yes,https://www.thethreedrinkers.com/magazine-content/redbreast
rediscovering-cognac-focus-on-tercet-by-remy-martin,Rediscovering Cognac: Focus on Tercet by Remy Martin,HelenaNicklin,authored_by_her|tagged_helena,0,0,helena nicklin,yes,https://www.thethreedrinkers.com/magazine-content/rediscovering-cognac-focus-on-tercet-by-remy-martin
romantic-gin-cocktail-recipes-cotswolds-distillery,Saucy Gin Cocktails Perfect for Romantic Nights,HelenaNicklin,authored_by_her,0,0,,yes,https://www.thethreedrinkers.com/magazine-content/romantic-gin-cocktail-recipes-cotswolds-distillery
roussillon-wine,Rediscover Roussillon Wines,helena@thethreedrinkers.com,authored_by_her,0,0,,yes,https://www.thethreedrinkers.com/magazine-content/roussillon-wine
rude-name-drinks,12 Hilariously Unfortunate (and Downright Naughty) Drinks Names,HelenaNicklin,authored_by_her,1058,45156,,yes,https://www.thethreedrinkers.com/magazine-content/rude-name-drinks
sake-beginners-guide,A Beginner’s Guide to Sake,adrian@thethreedrinkers.com,inline_byline|body_mentions,58,23316,,yes,https://www.thethreedrinkers.com/magazine-content/sake-beginners-guide
santorini-wines-your-abc-guide,Santorini Wines: Your ABC Guide,HelenaNicklin,authored_by_her|image_mentions,37,9487,,yes,https://www.thethreedrinkers.com/magazine-content/santorini-wines-your-abc-guide
scotch-whisky-cocktails-irn-bru-cocktail-for-burns-night,TalkTV: Scottish Drinks for Burns Night,HelenaNicklin,authored_by_her,0,0,,yes,https://www.thethreedrinkers.com/magazine-content/scotch-whisky-cocktails-irn-bru-cocktail-for-burns-night
sherry-guide-sherry-week,Your ABC guide to Sherry Styles,HelenaNicklin,authored_by_her|tagged_helena|image_mentions,0,0,tapahelena nicklin|helena sips,yes,https://www.thethreedrinkers.com/magazine-content/sherry-guide-sherry-week
silverhand-estate,The new face of English Wine: Silverhand Estate,HelenaNicklin,authored_by_her|inline_byline|tagged_helena|image_mentions|body_mentions,46,7929,Helena Nicklin|HelenaSips,yes,https://www.thethreedrinkers.com/magazine-content/silverhand-estate
simple-smoky-whisky-cocktails-bbq,"3 Simple, Smoky, Whisky Cocktails For Your BBQ",HelenaNicklin,authored_by_her|inline_byline|body_mentions,0,0,,yes,https://www.thethreedrinkers.com/magazine-content/simple-smoky-whisky-cocktails-bbq
spanish-wine-old-vines-garnacha-grenache,What's so good about old vines?,HelenaNicklin,authored_by_her,0,0,,yes,https://www.thethreedrinkers.com/magazine-content/spanish-wine-old-vines-garnacha-grenache
spending-christmas-on-a-yacht,Wine &amp; gifts for Christmas on a yacht,HelenaNicklin,authored_by_her|inline_byline|tagged_helena|body_mentions,0,0,helena nicklin,yes,https://www.thethreedrinkers.com/magazine-content/spending-christmas-on-a-yacht
spotlight-on-greyfriars-vineyard-surrey-hills-england,"Spotlight on: Greyfriars Vineyard, Surrey Hills, England",helena@thethreedrinkers.com,authored_by_her|tagged_helena,0,0,helena nicklin,yes,https://www.thethreedrinkers.com/magazine-content/spotlight-on-greyfriars-vineyard-surrey-hills-england
spring-wines-with-kevin-osullivan-on-talk-radio,Spring Reds: Kevin O'Sullivan on Talk Radio,HelenaNicklin,authored_by_her|tagged_helena,0,0,helena nicklin|helena|helena nicklin wine expert radio,yes,https://www.thethreedrinkers.com/magazine-content/spring-wines-with-kevin-osullivan-on-talk-radio
super-premium-vodka-belvedere-heritage-176-rye-vodka,Super-Premium ‘Vodka’: Belvedere Heritage 176,HelenaNicklin,authored_by_her|inline_byline|image_mentions|body_mentions,0,0,,yes,https://www.thethreedrinkers.com/magazine-content/super-premium-vodka-belvedere-heritage-176-rye-vodka
talk-radio-best-champagne-thursday-club-helena-nicklin,Thursday Club with talkRADIO TV: Champagne!,helena@thethreedrinkers.com,authored_by_her|slug_mentions|tagged_helena|image_mentions,0,0,helena nicklin|helena sips,yes,https://www.thethreedrinkers.com/magazine-content/talk-radio-best-champagne-thursday-club-helena-nicklin
talk-radio-helena-nicklin-festive-drinks,Thursday Club with Talk Radio: Festive Aperitifs,HelenaNicklin,authored_by_her|slug_mentions|tagged_helena|image_mentions,0,0,helena nicklin,yes,https://www.thethreedrinkers.com/magazine-content/talk-radio-helena-nicklin-festive-drinks
talk-radio-irish-drinks-st-patricks-day,talk RADIO: Irish Drinks for St Patrick's Day!,HelenaNicklin,authored_by_her,0,0,,yes,https://www.thethreedrinkers.com/magazine-content/talk-radio-irish-drinks-st-patricks-day
talk-radio-the-best-boxed-wines,Thursday Club with Talk Radio: Boxed Wine,helena@thethreedrinkers.com,authored_by_her|tagged_helena,0,0,helena nicklin\|helena sips,yes,https://www.thethreedrinkers.com/magazine-content/talk-radio-the-best-boxed-wines
talk-tv-the-best-boxed-wine-reasons-to-buy-box-wine,talkTV: Beautiful Boxed Wine!,HelenaNicklin,authored_by_her|tagged_helena,0,0,helena niucklin,yes,https://www.thethreedrinkers.com/magazine-content/talk-tv-the-best-boxed-wine-reasons-to-buy-box-wine
talkradio-alternative-white-wines-for-spring,talkRADIO: Alternative White Wines for Spring,adrian@thethreedrinkers.com,tagged_helena|image_mentions,0,0,helena nicklin|helenasips,no,https://www.thethreedrinkers.com/magazine-content/talkradio-alternative-white-wines-for-spring
talkradio-brands-that-do-good,TalkRADIO: Brands that do good,helena@thethreedrinkers.com,authored_by_her,0,0,,yes,https://www.thethreedrinkers.com/magazine-content/talkradio-brands-that-do-good
talkradio-drinks-supporting-ukraine,talkRADIO: Drinks supporting Ukraine,helena@thethreedrinkers.com,authored_by_her|tagged_helena,0,0,helena nicklin,yes,https://www.thethreedrinkers.com/magazine-content/talkradio-drinks-supporting-ukraine
talktv-award-winning-wines-from-spain,TalkTV: Award-Winning Wines From Spain,HelenaNicklin,authored_by_her|tagged_helena|image_mentions,0,0,helena nicklin,yes,https://www.thethreedrinkers.com/magazine-content/talktv-award-winning-wines-from-spain
talktv-cabernet-sauvignon-blends-international-cabernet-day,talkTV: Cabernet Blends for Cabernet Day!,HelenaNicklin,authored_by_her|tagged_helena,0,0,helena nicklin,yes,https://www.thethreedrinkers.com/magazine-content/talktv-cabernet-sauvignon-blends-international-cabernet-day
talktv-drinks-to-celebrate-chinese-new-year,TalkTV: Drinks to Celebrate Chinese New Year,HelenaNicklin,authored_by_her|tagged_helena,0,0,helena nicklin talk radio chinese wine,yes,https://www.thethreedrinkers.com/magazine-content/talktv-drinks-to-celebrate-chinese-new-year
talktv-german-wines-for-winter,TalkTV: German Wines for Winter,HelenaNicklin,authored_by_her|tagged_helena,0,0,helena nicklin,yes,https://www.thethreedrinkers.com/magazine-content/talktv-german-wines-for-winter
talktv-jubilee-drinkies,talkTV: Jubilee Drinkies!,HelenaNicklin,authored_by_her|tagged_helena,0,0,talktv helena nicklin,yes,https://www.thethreedrinkers.com/magazine-content/talktv-jubilee-drinkies
talktv-perfect-halloween-wines,talkTV: Perfect Halloween Wines,HelenaNicklin,authored_by_her|tagged_helena,0,0,helena nicklin,yes,https://www.thethreedrinkers.com/magazine-content/talktv-perfect-halloween-wines
talktv-pinotage-wines-or-pinotage-day,TalkTV: Pinotage Wines for Pinotage Day,adrian@thethreedrinkers.com,tagged_helena,0,0,helena nicklin|helena sips,no,https://www.thethreedrinkers.com/magazine-content/talktv-pinotage-wines-or-pinotage-day
talktv-retro-liqueurs,TalkTV: Retro Liqueurs,HelenaNicklin,authored_by_her,0,0,,yes,https://www.thethreedrinkers.com/magazine-content/talktv-retro-liqueurs
talktv-summer-wine-from-the-south-of-france,TalkTV: Summer wine from the South of France,HelenaNicklin,authored_by_her|tagged_helena|image_mentions,0,0,helena nicklin|helena sips,yes,https://www.thethreedrinkers.com/magazine-content/talktv-summer-wine-from-the-south-of-france
talktv-what-is-the-difference-between-shiraz-and-syrah,talkTV: Shiraz and Syrah,HelenaNicklin,authored_by_her,0,0,,yes,https://www.thethreedrinkers.com/magazine-content/talktv-what-is-the-difference-between-shiraz-and-syrah
talktv-world-cup-wines,TalkTV: World Cup Wine &amp; Gin!,adrian@thethreedrinkers.com,tagged_helena,0,0,talk tv helena nicklin|helena sips,no,https://www.thethreedrinkers.com/magazine-content/talktv-world-cup-wines
tasting-terroir-wakefield-jaraman-chardonnay,Tasting Terroir: Wakefield ‘Jaraman’ Chardonnay,HelenaNicklin,authored_by_her,0,0,,yes,https://www.thethreedrinkers.com/magazine-content/tasting-terroir-wakefield-jaraman-chardonnay
tasting-the-most-famous-wine-in-the-world,Tasting the Most Famous Wine in the World,HelenaNicklin,authored_by_her|tagged_helena,0,0,helena nicklin,yes,https://www.thethreedrinkers.com/magazine-content/tasting-the-most-famous-wine-in-the-world
the-10-best-martini-variations,The 10 Best Martini Variations,TheThreeDrinkers,body_mentions,0,0,,no,https://www.thethreedrinkers.com/magazine-content/the-10-best-martini-variations
the-best-albarino-wine-talk-radio-mike-graham,Thursday Club with talk RADIO: Albariño for Albariño Day!,HelenaNicklin,authored_by_her|tagged_helena,0,0,helena nicklin,yes,https://www.thethreedrinkers.com/magazine-content/the-best-albarino-wine-talk-radio-mike-graham
the-best-boxed-wine-2021,The Best Boxed Wine for 2021,HelenaNicklin,authored_by_her|tagged_helena,0,0,helena nicklin|helena sips,yes,https://www.thethreedrinkers.com/magazine-content/the-best-boxed-wine-2021
the-best-drinks-with-curry,What you Should be Drinking with Curry,HelenaNicklin,authored_by_her|inline_byline|body_mentions,920,47428,,yes,https://www.thethreedrinkers.com/magazine-content/the-best-drinks-with-curry
the-best-english-wines-to-try-this-summer,The Best English Wines To Try This Summer,HelenaNicklin,authored_by_her|tagged_helena|image_mentions,0,0,helena nicklin,yes,https://www.thethreedrinkers.com/magazine-content/the-best-english-wines-to-try-this-summer
the-best-hard-seltzers,The Best Hard Seltzers Right Now!,helena@thethreedrinkers.com,authored_by_her|tagged_helena,0,0,helena nicklin,yes,https://www.thethreedrinkers.com/magazine-content/the-best-hard-seltzers
the-best-no-and-low-alcohol-drinks,The best no and low alcohol drinks,HelenaNicklin,authored_by_her,0,0,,yes,https://www.thethreedrinkers.com/magazine-content/the-best-no-and-low-alcohol-drinks
the-best-red-wines-to-have-chilled,The Best Red Wines To Have Chilled,HelenaNicklin,authored_by_her|tagged_helena,0,0,talk radiohelena nicklin,yes,https://www.thethreedrinkers.com/magazine-content/the-best-red-wines-to-have-chilled
the-best-whisky-to-buy-scotch,The Three Drinkers' Definitive Scotch Whisky Buying Guide 2019,HelenaNicklin,authored_by_her,0,0,,yes,https://www.thethreedrinkers.com/magazine-content/the-best-whisky-to-buy-scotch
the-bring-a-bottle-podcast-episode-59,The Bring a Bottle Podcast Episode 59,SophieFurukawa,tagged_helena,0,0,Helena Nicklin,no,https://www.thethreedrinkers.com/magazine-content/the-bring-a-bottle-podcast-episode-59
the-bring-a-bottle-podcast-episode-60,The Bring a Bottle Podcast: Episode 60,SophieFurukawa,image_mentions,0,0,,no,https://www.thethreedrinkers.com/magazine-content/the-bring-a-bottle-podcast-episode-60
the-bring-a-bottle-podcast-episode-63,The Bring a Bottle Podcast: Episode 63,TheThreeDrinkers,tagged_helena,0,0,Helena Nicklin,no,https://www.thethreedrinkers.com/magazine-content/the-bring-a-bottle-podcast-episode-63
the-bring-a-bottle-podcast-episode-65,The Bring a Bottle Podcast: Episode 65,SophieFurukawa,image_mentions,0,0,,no,https://www.thethreedrinkers.com/magazine-content/the-bring-a-bottle-podcast-episode-65
the-bring-a-bottle-podcast-episode-75,The Bring a Bottle Podcast: Episode 75,TheThreeDrinkers,tagged_helena,0,0,Helena Nicklin,no,https://www.thethreedrinkers.com/magazine-content/the-bring-a-bottle-podcast-episode-75
the-bring-a-bottle-podcast-episode-76,The Bring a Bottle Podcast: Episode 76,TheThreeDrinkers,tagged_helena,0,0,Helena Nicklin,no,https://www.thethreedrinkers.com/magazine-content/the-bring-a-bottle-podcast-episode-76
the-bring-a-bottle-podcast-episode-77,The Bring a Bottle Podcast: Episode 77,TheThreeDrinkers,tagged_helena,0,0,Helena Nicklin,no,https://www.thethreedrinkers.com/magazine-content/the-bring-a-bottle-podcast-episode-77
the-bring-a-bottle-podcast-episode-78,The Bring a Bottle Podcast: Episode 78,TheThreeDrinkers,tagged_helena,0,0,Helena Nicklin,no,https://www.thethreedrinkers.com/magazine-content/the-bring-a-bottle-podcast-episode-78
the-bring-a-bottle-podcast-episode-84,The Bring a Bottle Podcast: Episode 84,TheThreeDrinkers,tagged_helena,0,0,Helena Nicklin,no,https://www.thethreedrinkers.com/magazine-content/the-bring-a-bottle-podcast-episode-84
the-main-styles-of-tequila,The main styles of tequila,HelenaNicklin,authored_by_her,74,81301,,yes,https://www.thethreedrinkers.com/magazine-content/the-main-styles-of-tequila
the-story-of-city-of-london-distillery,The Story of City of London Distillery,helena@thethreedrinkers.com,authored_by_her,0,0,,yes,https://www.thethreedrinkers.com/magazine-content/the-story-of-city-of-london-distillery
the-three-drinkers-in-cognac,The Three Drinkers Return for a Third Series on Amazon Prime!,TheThreeDrinkers,tagged_helena|image_mentions|body_mentions,0,0,Helena Nicklin,no,https://www.thethreedrinkers.com/magazine-content/the-three-drinkers-in-cognac
the-three-drinkers-in-cognac-wins-award,The Three Drinkers in Cognac Wins Award For ‘Cultural Contribution to The Spirits Industry’,SophieFurukawa,body_mentions,0,0,,no,https://www.thethreedrinkers.com/magazine-content/the-three-drinkers-in-cognac-wins-award
the-three-drinkers-in-ireland-tv-series,Announcing TV Series 2: The Three Drinkers in Ireland,TheThreeDrinkers,body_mentions,48,6695,,no,https://www.thethreedrinkers.com/magazine-content/the-three-drinkers-in-ireland-tv-series
the-three-drinkers-in-ireland-wins-drinks-business-best-contribution-to-tourism-award,The Three Drinkers in Ireland Wins Award for ‘Best Contribution to Wine and Spirits Tourism’,TheThreeDrinkers,image_mentions|body_mentions,0,0,,no,https://www.thethreedrinkers.com/magazine-content/the-three-drinkers-in-ireland-wins-drinks-business-best-contribution-to-tourism-award
the-three-drinkers-in-ireland-wins-spirits-business-award,The Three Drinkers In Ireland Wins Award For ‘Cultural Contribution To The Spirits Industry’,SophieFurukawa,image_mentions|body_mentions,0,0,,no,https://www.thethreedrinkers.com/magazine-content/the-three-drinkers-in-ireland-wins-spirits-business-award
the-three-drinkers-irish-whiskey,The Three Drinkers launch an Irish Whiskey,TheThreeDrinkers,image_mentions|body_mentions,0,0,,no,https://www.thethreedrinkers.com/magazine-content/the-three-drinkers-irish-whiskey
the-wine-society-top-picks-for-spring-amp-summer-2019,The Wine Society: Top picks for Spring &amp; Summer 2019,HelenaNicklin,authored_by_her|inline_byline|tagged_helena|body_mentions,0,0,helena nicklin,yes,https://www.thethreedrinkers.com/magazine-content/the-wine-society-top-picks-for-spring-amp-summer-2019
the-worlds-most-popular-spirit-youve-never-heard-of,This is the world’s most popular spirit. Have you heard of it?,helena@thethreedrinkers.com,authored_by_her|inline_byline|body_mentions,0,0,,yes,https://www.thethreedrinkers.com/magazine-content/the-worlds-most-popular-spirit-youve-never-heard-of
thursday-club-with-talk-radio-barbecue-wines,Thursday Club with Talk Radio: Barbecue Wines,HelenaNicklin,authored_by_her|tagged_helena|image_mentions,0,0,helena nicklin,yes,https://www.thethreedrinkers.com/magazine-content/thursday-club-with-talk-radio-barbecue-wines
thursday-club-with-talk-radio-bargain-wines-from-aldi,Thursday Club with talk RADIO: Bargain wines from Aldi,HelenaNicklin,authored_by_her,0,0,,yes,https://www.thethreedrinkers.com/magazine-content/thursday-club-with-talk-radio-bargain-wines-from-aldi
thursday-club-with-talk-radio-best-malbec-wines,Thursday Club with Talk Radio: Malbec,HelenaNicklin,authored_by_her|tagged_helena|image_mentions,0,0,helena nicklin,yes,https://www.thethreedrinkers.com/magazine-content/thursday-club-with-talk-radio-best-malbec-wines
thursday-club-with-talk-radio-classic-iberian-wines,Thursday Club with talk RADIO: Classic Iberian Wines,HelenaNicklin,authored_by_her|tagged_helena|image_mentions,0,0,helena,yes,https://www.thethreedrinkers.com/magazine-content/thursday-club-with-talk-radio-classic-iberian-wines
thursday-club-with-talk-radio-cremant-de-bourgogne-loire-bordeaux,Thursday Club with talk RADIO: Crémant,HelenaNicklin,authored_by_her|tagged_helena,0,0,helenasips|helena nicklin|helena nicklin wine expert radio,yes,https://www.thethreedrinkers.com/magazine-content/thursday-club-with-talk-radio-cremant-de-bourgogne-loire-bordeaux
thursday-club-with-talk-radio-great-value-italian-wines,Thursday Club with talk RADIO: Great Value Italian Wines,HelenaNicklin,authored_by_her|tagged_helena,0,0,helena nicklin|helenasips,yes,https://www.thethreedrinkers.com/magazine-content/thursday-club-with-talk-radio-great-value-italian-wines
thursday-club-with-talk-radio-italian-nebbiolo-barolo-barbaresco,Thursday Club with Talk Radio: Italian Nebbiolo,HelenaNicklin,authored_by_her|tagged_helena,0,0,helena sip|helena sips,yes,https://www.thethreedrinkers.com/magazine-content/thursday-club-with-talk-radio-italian-nebbiolo-barolo-barbaresco
thursday-club-with-talk-radio-off-the-beaten-track-with-the-wine-society,Thursday Club with talk RADIO: Off the beaten track with The Wine Society,adrian@thethreedrinkers.com,tagged_helena|image_mentions,0,0,helena nicklin,no,https://www.thethreedrinkers.com/magazine-content/thursday-club-with-talk-radio-off-the-beaten-track-with-the-wine-society
thursday-club-with-talk-radio-pisco-cachaca-and-absinthe,"Thursday Club with talk RADIO: Pisco, Cachaça and Absinthe",HelenaNicklin,authored_by_her|tagged_helena|image_mentions,0,0,helena nicklin|helenasips,yes,https://www.thethreedrinkers.com/magazine-content/thursday-club-with-talk-radio-pisco-cachaca-and-absinthe
thursday-club-with-talk-radio-quintessentially-english-drinks,Thursday Club with talk RADIO: Quintessentially English Drinks,HelenaNicklin,authored_by_her|tagged_helena,0,0,helena nicklin,yes,https://www.thethreedrinkers.com/magazine-content/thursday-club-with-talk-radio-quintessentially-english-drinks
thursday-club-with-talk-radio-sparkling-wines,Thursday Club with Talk Radio: Sparkling Wines,HelenaNicklin,authored_by_her|tagged_helena|image_mentions,0,0,helena nicklin,yes,https://www.thethreedrinkers.com/magazine-content/thursday-club-with-talk-radio-sparkling-wines
thursday-club-with-talk-radio-spring-wines,Thursday Club with Talk Radio: Spring Wines,HelenaNicklin,authored_by_her|tagged_helena|image_mentions,0,0,helenasips|helena nicklin,yes,https://www.thethreedrinkers.com/magazine-content/thursday-club-with-talk-radio-spring-wines
thursday-club-with-talk-radio-summer-sips-from-sainsburys,Thursday Club with talk RADIO: Summer Sips from Sainsbury's,helena@thethreedrinkers.com,authored_by_her|tagged_helena,0,0,helena nicklin,yes,https://www.thethreedrinkers.com/magazine-content/thursday-club-with-talk-radio-summer-sips-from-sainsburys
thursday-club-with-talk-radio-the-famous-grapes-from-piedmont-italy,"Thursday Club with talk RADIO: The famous grapes from Piedmont, Italy",HelenaNicklin,authored_by_her|tagged_helena,0,0,helean nicklin|helenasips,yes,https://www.thethreedrinkers.com/magazine-content/thursday-club-with-talk-radio-the-famous-grapes-from-piedmont-italy
thursday-club-with-talk-radio-top-tesco-picks,Thursday Club with Talk Radio: Top Tesco Picks,HelenaNicklin,authored_by_her|tagged_helena,0,0,helean nicklin,yes,https://www.thethreedrinkers.com/magazine-content/thursday-club-with-talk-radio-top-tesco-picks
thursday-club-with-talk-radio-top-wines-from-co-op,Thursday Club with talk RADIO: Top wines from Co-op,helena@thethreedrinkers.com,authored_by_her|tagged_helena,0,0,helena nicklin,yes,https://www.thethreedrinkers.com/magazine-content/thursday-club-with-talk-radio-top-wines-from-co-op
thursday-club-with-talk-radio-top-wines-from-morrisons,Thursday Club with Talk Radio: Top Wines from Morrisons,HelenaNicklin,authored_by_her|tagged_helena,0,0,helena nicklin,yes,https://www.thethreedrinkers.com/magazine-content/thursday-club-with-talk-radio-top-wines-from-morrisons
thursday-club-with-talk-radio-unusual-pinot-noir,Thursday Club with Talk Radio: Unusual Pinot Noir,HelenaNicklin,authored_by_her|tagged_helena|image_mentions,0,0,helena|helenasips|helena nicklin,yes,https://www.thethreedrinkers.com/magazine-content/thursday-club-with-talk-radio-unusual-pinot-noir
thursday-club-with-talk-radio-waitrose-summer-whites,Thursday Club with Talk Radio: Waitrose Summer Whites,HelenaNicklin,authored_by_her,0,0,,yes,https://www.thethreedrinkers.com/magazine-content/thursday-club-with-talk-radio-waitrose-summer-whites
thursday-club-with-talk-radio-white-wine-from-rueda-spain,"Thursday Club with talk RADIO: White Wine from Rueda, Spain",helena@thethreedrinkers.com,authored_by_her|tagged_helena,0,0,helena nicklin,yes,https://www.thethreedrinkers.com/magazine-content/thursday-club-with-talk-radio-white-wine-from-rueda-spain
thursday-club-with-talkradio-rum-cocktails,Thursday Club with talkRADIO: Rum Cocktails,HelenaNicklin,authored_by_her|tagged_helena,0,0,helena nicklin,yes,https://www.thethreedrinkers.com/magazine-content/thursday-club-with-talkradio-rum-cocktails
thursday-club-with-talkradio-tryanuary-wines,Thursday Club with talkRADIO: Tryanuary wines!,HelenaNicklin,authored_by_her,0,0,,yes,https://www.thethreedrinkers.com/magazine-content/thursday-club-with-talkradio-tryanuary-wines
thursday-drinks-club-with-talkradio,Thursday Club with Talk RADIO: Chardonnay,HelenaNicklin,authored_by_her|tagged_helena|image_mentions,0,0,helena niclin|helena sips,yes,https://www.thethreedrinkers.com/magazine-content/thursday-drinks-club-with-talkradio
toasting-2020-with-the-most-luxurious-champagnes,Toasting 2020 with the most luxurious champagnes,HelenaNicklin,authored_by_her|image_mentions,0,0,,yes,https://www.thethreedrinkers.com/magazine-content/toasting-2020-with-the-most-luxurious-champagnes
top-jubilee-tipples-for-every-budget,Top Jubilee Tipples for Every Budget,HelenaNicklin,authored_by_her|tagged_helena|image_mentions,0,0,helena nicklin|helena sips,yes,https://www.thethreedrinkers.com/magazine-content/top-jubilee-tipples-for-every-budget
top-rated-celebrity-wines,Thursday Club with Talk Radio: Celebrity wines part 2!,HelenaNicklin,authored_by_her|tagged_helena|image_mentions,0,0,helena nicklin,yes,https://www.thethreedrinkers.com/magazine-content/top-rated-celebrity-wines
top-wines-from-sainsburys-under-10-pounds-2022,Top white Wines from Sainsbury’s Under £10 for 2022,HelenaNicklin,authored_by_her|tagged_helena,477,32646,helena nicklin,yes,https://www.thethreedrinkers.com/magazine-content/top-wines-from-sainsburys-under-10-pounds-2022
tys1goptlb7qcgn1ldcyxc9req6z2e,Perfect Pairings: Manzanilla with Fish &amp; Chips,helena@thethreedrinkers.com,authored_by_her|inline_byline|tagged_helena|body_mentions,0,0,helena|helena nicklin,yes,https://www.thethreedrinkers.com/magazine-content/tys1goptlb7qcgn1ldcyxc9req6z2e
uncle-nearest-founding-father-tennessee-whiskey,"Uncle Nearest: A True, Black, Whiskey Icon",HelenaNicklin,authored_by_her,483,58684,,yes,https://www.thethreedrinkers.com/magazine-content/uncle-nearest-founding-father-tennessee-whiskey
unusual-facts-about-whisky,23 Unusual Facts About Whisky,HelenaNicklin,authored_by_her,0,0,,yes,https://www.thethreedrinkers.com/magazine-content/unusual-facts-about-whisky
vermouth-cocktail-recipes-cocchi-vermouth-di-torino,"One Drink, Three Ways: Cocchi Vermouth di Torino",HelenaNicklin,authored_by_her,1460,41444,,yes,https://www.thethreedrinkers.com/magazine-content/vermouth-cocktail-recipes-cocchi-vermouth-di-torino
veuve-clicquot-champagne,Veuve Clicquot: The Original Grande Dame of Champagne,HelenaNicklin,authored_by_her,0,0,,yes,https://www.thethreedrinkers.com/magazine-content/veuve-clicquot-champagne
viajante87,Viajante 87,HelenaNicklin,authored_by_her,0,0,,yes,https://www.thethreedrinkers.com/magazine-content/viajante87
virtual-online-wine-spirits-beer-cocktail-tasting-masterclass,Lockdown List: Companies running virtual wine &amp; spirits tastings,HelenaNicklin,authored_by_her,0,0,,yes,https://www.thethreedrinkers.com/magazine-content/virtual-online-wine-spirits-beer-cocktail-tasting-masterclass
were-shaking-things-up-at-the-three-drinkers,News: We're shaking things up at The Three Drinkers!,TheThreeDrinkers,image_mentions,0,0,,no,https://www.thethreedrinkers.com/magazine-content/were-shaking-things-up-at-the-three-drinkers
what-are-the-main-styles-of-martini,Thursday Club with talkRADIO: Martini Three Ways!,HelenaNicklin,authored_by_her|tagged_helena,0,0,helena nicklin|helenasips,yes,https://www.thethreedrinkers.com/magazine-content/what-are-the-main-styles-of-martini
what-is-albarino-wine-white-wine-grapes-rias-baixas,Why Albariño from Rías Baixas is the Next Big Thing in White Wine,helena@thethreedrinkers.com,authored_by_her|tagged_helena,0,0,helena nicklin,yes,https://www.thethreedrinkers.com/magazine-content/what-is-albarino-wine-white-wine-grapes-rias-baixas
what-is-anosmia-lost-sense-of-smell,Anosmia: The devastating effects of losing your sense of smell,HelenaNicklin,authored_by_her|inline_byline|body_mentions,0,0,,yes,https://www.thethreedrinkers.com/magazine-content/what-is-anosmia-lost-sense-of-smell
what-is-beaujolais-day,Thursday Club with TalkRadio: Beaujolais Day!,HelenaNicklin,authored_by_her|tagged_helena,0,0,helena nicklin,yes,https://www.thethreedrinkers.com/magazine-content/what-is-beaujolais-day
what-is-cairanne-and-lirac-rhone-wine,Focus on Cairanne &amp; Lirac: Two Côtes du Rhône Cru,HelenaNicklin,authored_by_her|tagged_helena,0,0,cotes du rhonehelena nicklin|helena sips,yes,https://www.thethreedrinkers.com/magazine-content/what-is-cairanne-and-lirac-rhone-wine
what-is-cotes-du-rhone-wine,Côtes du Rhône: Boyband of wine,HelenaNicklin,authored_by_her|inline_byline|tagged_helena|image_mentions|body_mentions,78,67138,heelan nicklin,yes,https://www.thethreedrinkers.com/magazine-content/what-is-cotes-du-rhone-wine
what-is-orange-wine,What is Orange Wine?,HelenaNicklin,authored_by_her|image_mentions,0,0,,yes,https://www.thethreedrinkers.com/magazine-content/what-is-orange-wine
what-is-pimms-fruit-cup-summer-cup,What is Pimm's?,HelenaNicklin,authored_by_her,0,0,,yes,https://www.thethreedrinkers.com/magazine-content/what-is-pimms-fruit-cup-summer-cup
what-is-pinot-noir,What is Pinot Noir?,HelenaNicklin,authored_by_her,0,0,,yes,https://www.thethreedrinkers.com/magazine-content/what-is-pinot-noir
what-is-sherry-wine-basics-sherry-week,Bite-size Sherry Basics,HelenaNicklin,authored_by_her,0,0,,yes,https://www.thethreedrinkers.com/magazine-content/what-is-sherry-wine-basics-sherry-week
what-is-wine-finished-whisky,What is Wine Finished Whisky?,HelenaNicklin,authored_by_her|inline_byline|tagged_helena|body_mentions,0,0,helena nicklin,yes,https://www.thethreedrinkers.com/magazine-content/what-is-wine-finished-whisky
what-to-eat-with-albarino-wine,What to eat with Albariño wine: 3 recipes,HelenaNicklin,authored_by_her,137,11534,,yes,https://www.thethreedrinkers.com/magazine-content/what-to-eat-with-albarino-wine
which-is-the-driest-style-of-prosecco-guide-to-prosecco-styles,Which is the Driest Prosecco Style? Your Guide for National Prosecco Day,HelenaNicklin,authored_by_her|inline_byline|body_mentions,281,36621,,yes,https://www.thethreedrinkers.com/magazine-content/which-is-the-driest-style-of-prosecco-guide-to-prosecco-styles
which-wines-for-storecupboard-snacks,Which wine for storecupboard snacks?,HelenaNicklin,authored_by_her|tagged_helena,0,0,helena nicklin,yes,https://www.thethreedrinkers.com/magazine-content/which-wines-for-storecupboard-snacks
whisky-infused-with-a-severed-human-toe-anyone,"Whisky Infused with a Severed Human Toe, Anyone?",HelenaNicklin,authored_by_her|inline_byline|body_mentions,1066,141420,,yes,https://www.thethreedrinkers.com/magazine-content/whisky-infused-with-a-severed-human-toe-anyone
why-english-wine-is-your-new-go-to-luxury-drop,"Why English wine is your new go-to, luxury drop",HelenaNicklin,authored_by_her|tagged_helena,0,0,helena nicklin,yes,https://www.thethreedrinkers.com/magazine-content/why-english-wine-is-your-new-go-to-luxury-drop
why-fill-in-the-the-drinks-trust-industry-survey,Why fill in the The Drinks Trust industry survey,HelenaNicklin,authored_by_her|tagged_helena,0,0,helena nicklin,yes,https://www.thethreedrinkers.com/magazine-content/why-fill-in-the-the-drinks-trust-industry-survey
wine-pink-prosecco-rose-budget-prosecco-best-rose-prosecco-supermarkets,Top Pink Proseccos £10 and under,HelenaNicklin,authored_by_her|inline_byline|body_mentions,0,0,,yes,https://www.thethreedrinkers.com/magazine-content/wine-pink-prosecco-rose-budget-prosecco-best-rose-prosecco-supermarkets
wines-from-spain-awards-2022-the-champions,Wines From Spain Awards 2022: The Champions!,HelenaNicklin,authored_by_her,0,0,,yes,https://www.thethreedrinkers.com/magazine-content/wines-from-spain-awards-2022-the-champions
would-you-invest-in-vagina-beer,Would you invest in Vagina Beer?,HelenaNicklin,authored_by_her,66,16876,,yes,https://www.thethreedrinkers.com/magazine-content/would-you-invest-in-vagina-beer
your-abc-guide-to-umeshu-japans-other-drinks-jewel,Umeshu: Your ABC Guide to Japan’s ‘other’ drinks jewel,HelenaNicklin,authored_by_her|tagged_helena|image_mentions,75,8923,helena nicklin,yes,https://www.thethreedrinkers.com/magazine-content/your-abc-guide-to-umeshu-japans-other-drinks-jewel
